"<ID|readonly|noverify>";"<English>";"<French>";"<Italian>";"<German>";"<Spanish>";"<Russian>";"<Ukrainian>";"<Polish>";"<Portuguese>";"<Turkish>";"<Czech>";"<Greek>";"<Indonesian>";"<Thai>";"<Korean>";"<Chinese>";"<Japanese>";"<TChinese>";"<Comments>";"<max_chars>"
"puzzle/main_s38/1/name";"The Dream";"The Dream";"Il Sogno";"Der Traum";"El Sueño";"Мечта";"Мрія";"Marzenie";"O Sonho";"The Dream";"The Dream";"The Dream";"Impian";"The Dream";"The Dream";"太\t空\t之\t梦";"夢";"宇\t宙\t之\t夢";;
"puzzle/main_s38/1/desc";"For centuries people watched the stars and dreamed... In ancient tales, the naive stories of Lucian of Samosata, the science fiction novels of Jules Verne and Cyrano de Bergerac – everywhere man strove to break away from the Earth and uncover all the secrets of the cosmos.";"For centuries people watched the stars and dreamed... In ancient tales, the naive stories of Lucian of Samosata, the science fiction novels of Jules Verne and Cyrano de Bergerac – everywhere man strove to break away from the Earth and uncover all the secrets of the cosmos.";"Per secoli le persone hanno ammirato le stelle e sognato... In antiche storie, i racconti nativi di Lucian di Samosata, le storie fantascientifiche di Jules Verne e Cyrano de Bergerac - ovunque l'umanità ha provato a staccarsi dalla Terra e scoprire tutti i segreti del cosmo.";"Jahrhundertelang blickten die Menschen zu den Sternen auf und träumten ... Ob in alten Sagen, den naiven Erzählungen des Lukian von Samosata oder den Science-Fiction-Romanen von Jules Verne und Cyrano de Bergerac – überall strebte der Mensch danach, sich von der Erde zu lösen und alle Geheimnisse des Kosmos zu entschlüsseln.";"Durante siglos, la gente observaba las estrellas y soñaba... En los cuentos antiguos, en las historias ingenuas de Luciano de Samosata, en las novelas de ciencia ficción de Julio Verne y Cyrano de Bergerac - en todas partes, el ser humano se esforzaba por escapar de la Tierra y desvelar todos los secretos del cosmos.";"Люди веками наблюдали за звёздами и мечтали... В древних сказаниях, наивных историях Лукиана Самосатского, фантастических романах Жюля Верна и Сирано де Бержерака – везде человек стремился оторваться от Земли и познать все тайны космоса.";"Століттями люди дивилися на зорі й мріяли… У стародавніх казках, наївних оповідках Лукіана із Самосати, науково-фантастичних романах Жуля Верна та Сірано де Бержерака — усюди людина прагнула відірватися від Землі й розкрити всі таємниці космосу.";"Od wieków ludzie patrzyli na gwiazdy i marzyli… W starożytnych opowieściach, w naiwnych historiach Lukiana z Samosaty, w powieściach science fiction Juliusza Verne’a i Cyrano de Bergeraca – wszędzie człowiek dążył do oderwania się od Ziemi i odkrycia wszystkich tajemnic kosmosu.";"Durante séculos, as pessoas observavam as estrelas e sonhavam... Nas antigas histórias, nos ingénuos relatos de Luciano de Samósata, nos romances de ficção científica de Jules Verne e Cyrano de Bergerac — por toda a parte o Homem procurava libertar-se da Terra e desvendar todos os segredos do cosmos.";"For centuries people watched the stars and dreamed... In ancient tales, the naive stories of Lucian of Samosata, the science fiction novels of Jules Verne and Cyrano de Bergerac – everywhere man strove to break away from the Earth and uncover all the secrets of the cosmos.";"For centuries people watched the stars and dreamed... In ancient tales, the naive stories of Lucian of Samosata, the science fiction novels of Jules Verne and Cyrano de Bergerac – everywhere man strove to break away from the Earth and uncover all the secrets of the cosmos.";"For centuries people watched the stars and dreamed... In ancient tales, the naive stories of Lucian of Samosata, the science fiction novels of Jules Verne and Cyrano de Bergerac – everywhere man strove to break away from the Earth and uncover all the secrets of the cosmos.";"Selama berabad-abad, manusia memandangi bintang-bintang dan bermimpi .... Dalam kisah-kisah kuno, cerita naif Lucian dari Samosata, novel fiksi ilmiah karya Jules Verne dan Cyrano de Bergerac — di mana-mana, manusia berusaha melepaskan diri dari Bumi dan menyingkap seluruh rahasia kosmos.";"For centuries people watched the stars and dreamed... In ancient tales, the naive stories of Lucian of Samosata, the science fiction novels of Jules Verne and Cyrano de Bergerac – everywhere man strove to break away from the Earth and uncover all the secrets of the cosmos.";"For centuries people watched the stars and dreamed... In ancient tales, the naive stories of Lucian of Samosata, the science fiction novels of Jules Verne and Cyrano de Bergerac – everywhere man strove to break away from the Earth and uncover all the secrets of the cosmos.";"几\t个\t世\t纪\t以\t来，\t人\t们\t在\t仰\t望\t星\t空\t的\t同\t时，\t内\t心\t也\t逐\t渐\t萌\t生\t征\t服\t太\t空\t的\t意\t志\t…\t…\t无\t论\t是\t古\t代\t神\t话\t中\t的\t描\t绘，\t或\t是\t萨\t莫\t萨\t塔\t的\t卢\t西\t安\t所\t讲\t述\t的\t那\t些\t天\t真\t烂\t漫\t的\t故\t事，\t还\t是\t儒\t勒·凡\t尔\t纳\t和\t西\t拉\t诺·德·贝\t杰\t拉\t克\t创\t作\t的\t科\t幻\t小\t说\t都\t描\t述\t了\t这\t样\t的\t愿\t景：\t人\t类\t渴\t望\t突\t破\t重\t力\t的\t束\t缚、\t探\t寻\t宇\t宙\t奥\t秘\t的\t进\t取\t之\t心\t是\t相\t通\t的。";"何世紀もの\t間、\t人々は\t星を\t見上げ、\t夢を\t抱いてきた... 古代の\t物語、\tサモサタの\tルキアノスが\t描いた\t素朴な\t空想譚、\tジュール・ヴェルヌや\tシラノ・ド・ベルジュラックの\tSF\t小説——どの\t物語にも、\t地球を\t飛び\t立ち、\t宇宙のあらゆる\t秘密を\t解き\t明かそうとする\t人類の\t夢が\t描かれていた。";"幾\t個\t世\t紀\t以\t來，\t人\t們\t在\t仰\t望\t星\t空\t的\t同\t時，\t征\t服\t太\t空\t的\t意\t志\t也\t油\t然\t而\t生\t…\t…\t無\t論\t是\t古\t代\t神\t話\t中\t的\t描\t繪，\t或\t是\t薩\t莫\t薩\t塔\t的\t盧\t西\t安\t所\t講\t述\t的\t那\t些\t天\t真\t爛\t漫\t的\t故\t事，\t還\t是\t儒\t勒·凡\t爾\t納\t和\t西\t拉\t諾·德·貝\t傑\t拉\t克\t創\t作\t的\t科\t幻\t小\t說\t都\t描\t述\t了\t這\t樣\t的\t願\t景：\t人\t類\t渴\t望\t突\t破\t重\t力\t的\t束\t縛、\t探\t尋\t宇\t宙\t奧\t秘\t的\t進\t取\t之\t心\t是\t相\t通\t的。";;
"puzzle/main_s38/2/name";"The Idea";"The Idea";"L'Idea";"Die Idee";"La Idea";"Идея";"Ідея";"Pomysł";"A Ideia";"The Idea";"The Idea";"The Idea";"Gagasan";"The Idea";"The Idea";"念\t头\t渐\t起";"構想";"理\t論\t先\t驅";;
"puzzle/main_s38/2/desc";"In 1903, Konstantin Tsiolkovsky proved that spaceflight could be achieved with a rocket. He wrote: “Mankind will not remain on Earth forever... at first it will timidly penetrate beyond the atmosphere, and then it will conquer all near-solar space”.";"In 1903, Konstantin Tsiolkovsky proved that spaceflight could be achieved with a rocket. He wrote: “Mankind will not remain on Earth forever... at first it will timidly penetrate beyond the atmosphere, and then it will conquer all near-solar space”.";"Nel 1903, Konstantin Tsiolkovsky dimostrò che il volo spaziale poteva essere ottenuto con un razzo. Scrisse: ""L'umanità non resterà sulla Terra per sempre... prima penetrerà timidamente l'atmosfera e poi conquisterà tutto il sistema solare"".";"Im Jahr 1903 bewies Konstantin Ziolkowski, dass die Raumfahrt mithilfe einer Rakete verwirklicht werden könnte. Er schrieb: „Die Menschheit wird nicht ewig auf der Erde bleiben ... zunächst wird sie zaghaft über die Atmosphäre hinausdringen und dann den gesamten sonnennahen Raum erobern.“";"En 1903, Konstantin Tsiolkovsky demostró que se podía viajar al espacio con un cohete. Escribió: ""La humanidad no se quedará en la Tierra para siempre... al principio se adentrará tímidamente más allá de la atmósfera y, después, conquistará todo el espacio cercano al Sol"".";"В 1903 году Константин Циолковский доказал, что с помощью ракеты можно осуществить космический полёт. Он писал: «Человечество не останется вечно на Земле... сначала робко проникнет за пределы атмосферы, а затем завоюет всё околосолнечное пространство».";"У 1903 році Костянтин Ціолковський довів, що космічного польоту можна досягти за допомогою ракети. Він писав: «Людство не залишиться вічно на Землі… спершу воно несміливо проникне за межі атмосфери, а потім завоює весь навколосонячний простір».";"W 1903 roku Konstantin Ciołkowski udowodnił, że lot kosmiczny można zrealizować za pomocą rakiety. Napisał: „Ludzkość nie pozostanie na Ziemi na zawsze... najpierw nieśmiało wyruszy poza atmosferę, a potem podbije całą przestrzeń wokół Słońca”.";"Em 1903, Konstantin Tsiolkovsky provou que o voo espacial podia ser alcançado com um foguetão. Ele escreveu: ""A humanidade não permanecerá para sempre na Terra... primeiro, irá aventurar-se timidamente para além da atmosfera e, depois, conquistará todo o espaço nas proximidades do Sol"".";"In 1903, Konstantin Tsiolkovsky proved that spaceflight could be achieved with a rocket. He wrote: “Mankind will not remain on Earth forever... at first it will timidly penetrate beyond the atmosphere, and then it will conquer all near-solar space”.";"In 1903, Konstantin Tsiolkovsky proved that spaceflight could be achieved with a rocket. He wrote: “Mankind will not remain on Earth forever... at first it will timidly penetrate beyond the atmosphere, and then it will conquer all near-solar space”.";"In 1903, Konstantin Tsiolkovsky proved that spaceflight could be achieved with a rocket. He wrote: “Mankind will not remain on Earth forever... at first it will timidly penetrate beyond the atmosphere, and then it will conquer all near-solar space”.";"Pada tahun 1903, Konstantin Tsiolkovsky membuktikan bahwa penerbangan luar angkasa dapat dicapai dengan roket. Ia menulis: “Umat manusia tidak akan tinggal di Bumi selamanya .... Mula-mula, ia akan dengan ragu menembus ke luar atmosfer, lalu menaklukkan seluruh ruang di sekitar matahari”.";"In 1903, Konstantin Tsiolkovsky proved that spaceflight could be achieved with a rocket. He wrote: “Mankind will not remain on Earth forever... at first it will timidly penetrate beyond the atmosphere, and then it will conquer all near-solar space”.";"In 1903, Konstantin Tsiolkovsky proved that spaceflight could be achieved with a rocket. He wrote: “Mankind will not remain on Earth forever... at first it will timidly penetrate beyond the atmosphere, and then it will conquer all near-solar space”.";"1903\t年，\t康\t斯\t坦\t丁·齐\t奥\t尔\t科\t夫\t斯\t基\t推\t导\t出\t了\t著\t名\t的\t齐\t奥\t尔\t科\t夫\t斯\t基\t火\t箭\t公\t式，\t证\t明\t了\t利\t用\t火\t箭\t进\t行\t太\t空\t飞\t行\t的\t可\t行\t性。\t他\t写\t道：\t“人\t类\t不\t会\t永\t远\t被\t重\t力\t束\t缚\t在\t地\t球\t上\t…\t…\t起\t初\t我\t们\t将\t小\t心\t翼\t翼\t地\t突\t破\t大\t气\t层，\t随\t后\t将\t征\t服\t太\t阳\t系\t内\t所\t有\t的\t宇\t宙\t空\t间。”";"1903年、\tコンスタンチン・ツィオルコフスキーは、\tロケットによって\t宇宙飛行が\t実現可能であることを\t証明した。\t彼はこう\t記している。\t「人類が\t永遠に\t地球にとどまることはないだろう... 最初はおずおずと\t大気圏外へ\t進出し、\tやがて\t太陽系近傍のあらゆる\t空間を\t征服するだろう」";"1903 年，\t康\t斯\t坦\t丁·齊\t奧\t爾\t科\t夫\t斯\t基\t推\t導\t出\t了\t著\t名\t的\t齊\t奧\t爾\t科\t夫\t斯\t基\t火\t箭\t公\t式，\t證\t明\t了\t利\t用\t火\t箭\t進\t行\t太\t空\t飛\t行\t的\t可\t行\t性。\t他\t寫\t道：\t“人\t類\t不\t會\t永\t遠\t被\t重\t力\t束\t縛\t在\t地\t球\t上\t…\t…\t起\t初\t我\t們\t將\t小\t心\t翼\t翼\t地\t突\t破\t大\t氣\t層，\t隨\t後\t將\t征\t服\t太\t陽\t系\t內\t所\t有\t的\t宇\t宙\t空\t間。”";;
"puzzle/main_s38/3/name";"The Sparks";"The Sparks";"Le Scintille";"Die Funken";"Las Chispas";"Искры";"Іскри";"Iskry";"As Faíscas";"The Sparks";"The Sparks";"The Sparks";"Percikan";"The Sparks";"The Sparks";"火\t花\t初\t现";"火花";"火\t花\t初\t現";;
"puzzle/main_s38/3/desc";"In the 1930s enthusiasts from the Group for the Study of Reactive Motion began building the first rockets. On August 17, 1933, the GIRD-09 rocket rose 400 meters into the air – the first Soviet liquid-fueled rocket!";"In the 1930s enthusiasts from the Group for the Study of Reactive Motion began building the first rockets. On August 17, 1933, the GIRD-09 rocket rose 400 meters into the air – the first Soviet liquid-fueled rocket!";"Negli anni 30 gli entusiati del gruppo di Studio del Moto Reattivo iniziarono a costruire i primi razzi. Il 17 agosto 1933, il razzo GIRD-09 raggiunse i 400m - il primo razzo a carburante liquido Sovietico!";"In den 1930er Jahren begannen Enthusiasten der Gruppe zur Erforschung von Rückstoßantrieben mit dem Bau der ersten Raketen. Am 17. August 1933 stieg die Rakete GIRD-09 400 Meter in die Höhe – die erste sowjetische Rakete mit Flüssigkeitsantrieb!";"En la década de 1930, los aficionados del Grupo para el Estudio del Movimiento Reactivo empezaron a construir los primeros cohetes. ¡El 17 de Agosto de 1933, el cohete GIRD-09 se elevó 400 metros en el aire - el primer cohete Soviético propulsado por combustible líquido!";"В 1930-е годы энтузиасты из Группы изучения реактивного движения начали создавать первые ракеты. 17 августа 1933 года ракета ГИРД-09 поднялась в воздух на 400 метров – первая советская жидкостная ракета!";"У 1930-х роках ентузіасти з Групи вивчення реактивного руху почали будувати перші ракети. 17 серпня 1933 року ракета ГІРД-09 піднялась у повітря на 400 метрів — перша радянська ракета на рідкому паливі!";"W latach 30. entuzjaści z Grupy Badań nad Ruchem Reaktywnym zaczęli budować pierwsze rakiety. 17 sierpnia 1933 roku rakieta GIRD-09 wzbiła się na wysokość 400 metrów – była to pierwsza radziecka rakieta na paliwo ciekłe!";"Na década de 30, entusiastas do Grupo de Estudo do Movimento Reativo começaram a construir os primeiros foguetões. A 17 de agosto de 1933, o foguetão GIRD-09 subiu 400 metros no ar — o primeiro foguetão soviético de combustível líquido!";"In the 1930s enthusiasts from the Group for the Study of Reactive Motion began building the first rockets. On August 17, 1933, the GIRD-09 rocket rose 400 meters into the air – the first Soviet liquid-fueled rocket!";"In the 1930s enthusiasts from the Group for the Study of Reactive Motion began building the first rockets. On August 17, 1933, the GIRD-09 rocket rose 400 meters into the air – the first Soviet liquid-fueled rocket!";"In the 1930s enthusiasts from the Group for the Study of Reactive Motion began building the first rockets. On August 17, 1933, the GIRD-09 rocket rose 400 meters into the air – the first Soviet liquid-fueled rocket!";"Pada tahun 1930-an, para pegiat dari Kelompok Studi Gerak Reaktif mulai membuat roket-roket pertama. Pada 17 Agustus 1933, roket GIRD-09 membubung 400 meter ke udara — roket berbahan bakar cair Soviet yang pertama!";"In the 1930s enthusiasts from the Group for the Study of Reactive Motion began building the first rockets. On August 17, 1933, the GIRD-09 rocket rose 400 meters into the air – the first Soviet liquid-fueled rocket!";"In the 1930s enthusiasts from the Group for the Study of Reactive Motion began building the first rockets. On August 17, 1933, the GIRD-09 rocket rose 400 meters into the air – the first Soviet liquid-fueled rocket!";"上\t世\t纪 30 年\t代，\t来\t自\t“化\t学\t能\t推\t进\t研\t究\t小\t组”\t的\t爱\t好\t者\t们\t开\t始\t尝\t试\t制\t造\t火\t箭。\t1933 年 8 月 17 日，\t他\t们\t打\t造\t的 GIRD-09 火\t箭\t爬\t升\t到\t了 400 米\t高\t度\t—\t—\t这\t也\t是\t苏\t联\t第\t一\t枚\t液\t体\t燃\t料\t火\t箭！";"1930年代、\t反動推進研究\tグループ（GIRD）\tの\t有志たちが\t最初の\tロケット\t製作に\t着手した。\t1933年\t8月\t17日、\tGIRD-09\tロケットは\t高度\t400\tメートルまで\t上昇した——ソビエト\t初の\t液体燃料\tロケットである！";"上\t世\t纪 30 年\t代，\t来\t自\t“化\t学\t能\t推\t进\t研\t究\t小\t组”\t的\t爱\t好\t者\t们\t开\t始\t尝\t试\t制\t造\t火\t箭。\t1933 年 8 月 17 日，\t他\t们\t打\t造\t的 GIRD-09 火\t箭\t爬\t升\t到\t了 400 米\t高\t度\t—\t—\t这\t也\t是\t苏\t联\t第\t一\t枚\t液\t体\t燃\t料\t火\t箭！";;
"puzzle/main_s38/4/name";"The Form";"The Form";"La Forma";"Die Form";"La Forma";"Форма";"Форма";"Forma";"A Forma";"The Form";"The Form";"The Form";"Wujud";"The Form";"The Form";"火\t箭\t成\t型";"形態";"火\t箭\t成\t型";;
"puzzle/main_s38/4/desc";"Starting in 1953, work began in the workshops on the R-7 rocket, which had a two-stage design with four side boosters. Welding, testing, and quality-control technologies were all a new experience. Sergei Korolev and his colleagues at OKB-1 worked on the project almost around the clock.";"Starting in 1953, work began in the workshops on the R-7 rocket, which had a two-stage design with four side boosters. Welding, testing, and quality-control technologies were all a new experience. Sergei Korolev and his colleagues at OKB-1 worked on the project almost around the clock.";"A partire dal 1953, iniziarono i lavori sul razzo R-7, che era progettato con un design a due stadi e quattro booster ai lati. Saldato, testato e controllato profondamente. Tutto era una nuova esperienza. Sergei Korolev e i suoi colleghi all'OKB-1 lavorarono sul progetto quasi incessantemente.";"Ab 1953 wurde in den Werkstätten mit der Arbeit an der R-7-Rakete begonnen, die über eine zweistufige Konstruktion mit vier seitlichen Boostern verfügte. Schweiß-, Prüf- und Qualitätskontrollverfahren stellten dabei Neuland dar. Sergei Korolev und seine Kollegen im OKB-1 arbeiteten fast rund um die Uhr an dem Projekt.";"A partir de 1953, se empezó a trabajar en los talleres en el cohete R-7, que tenía un diseño de dos etapas con cuatro impulsores laterales. Las tecnologías de soldadura, pruebas y control de calidad eran todas una experiencia nueva. Serguéi Korolev y sus compañeros del OKB-1 trabajaron en el proyecto casi sin parar.";"С 1953 года в цехах началась разработка ракеты Р-7 – двухступенчатой, с четырьмя боковыми блоками. Технологии сварки, испытаний, контроля – всё было новым опытом. Сергей Королёв с коллегами из ОКБ-1 работал над проектом почти круглосуточно.";"З 1953 року в майстернях розпочалася робота над ракетою Р-7, що мала двоступеневу конструкцію з чотирма бічними прискорювачами. Технології зварювання, випробувань і контролю якості — усе це було новим досвідом. Сергій Корольов і його колеги в ОКБ-1 працювали над проєктом майже цілодобово.";"W 1953 roku w warsztatach ruszyły prace nad rakietą R-7, która miała dwustopniową konstrukcję z czterema bocznymi silnikami wspomagającymi. Spawanie, testowanie i technologie kontroli jakości były wtedy czymś zupełnie nowym. Siergiej Korolow i jego koledzy z OKB-1 pracowali nad tym projektem niemal bez przerwy.";"A partir de 1953, começaram a trabalhar no foguetão R-7, que tinha uma configuração de dois estágios com quatro propulsores laterais. As tecnologias de soldadura, testes e controlo de qualidade foram uma experiência totalmente nova. Sergei Korolev e os seus colegas do OKB-1 trabalharam no projeto quase dia e noite.";"Starting in 1953, work began in the workshops on the R-7 rocket, which had a two-stage design with four side boosters. Welding, testing, and quality-control technologies were all a new experience. Sergei Korolev and his colleagues at OKB-1 worked on the project almost around the clock.";"Starting in 1953, work began in the workshops on the R-7 rocket, which had a two-stage design with four side boosters. Welding, testing, and quality-control technologies were all a new experience. Sergei Korolev and his colleagues at OKB-1 worked on the project almost around the clock.";"Starting in 1953, work began in the workshops on the R-7 rocket, which had a two-stage design with four side boosters. Welding, testing, and quality-control technologies were all a new experience. Sergei Korolev and his colleagues at OKB-1 worked on the project almost around the clock.";"Mulai tahun 1953, pengerjaan roket R-7 dimulai di bengkel kerja, dengan rancangan dua tahap serta empat booster samping. Semua teknologi yang digunakan dalam pengelasan, pengujian, dan kendali mutu benar-benar baru. Sergei Korolev dan rekan-rekannya di OKB-1 mengerjakan proyek ini hampir tanpa henti.";"Starting in 1953, work began in the workshops on the R-7 rocket, which had a two-stage design with four side boosters. Welding, testing, and quality-control technologies were all a new experience. Sergei Korolev and his colleagues at OKB-1 worked on the project almost around the clock.";"Starting in 1953, work began in the workshops on the R-7 rocket, which had a two-stage design with four side boosters. Welding, testing, and quality-control technologies were all a new experience. Sergei Korolev and his colleagues at OKB-1 worked on the project almost around the clock.";"从 1953 年\t起，\t谢\t尔\t盖·科\t罗\t廖\t夫\t和\t他\t在 OKB-1 的\t同\t事\t们\t便\t全\t力\t投\t入 R-7 火\t箭\t的\t设\t计\t制\t造\t之\t中，\t该\t款\t火\t箭\t采\t用\t了\t二\t级\t构\t造，\t侧\t面\t设\t置\t有 4 个\t推\t进\t器。\t研\t发\t团\t队\t几\t乎\t是\t夜\t以\t继\t日\t地\t工\t作，\t摸\t索\t火\t箭\t焊\t接\t工\t艺、\t测\t试\t标\t准\t和\t质\t量\t控\t制\t技\t术\t对\t于\t他\t们\t来\t说\t都\t是\t全\t新\t的\t体\t验。";"1953年、\t4基の\tサイドブースターを\t備えた\t2段式の\tR-7\tロケットの\t製作が\t現場で\t始まった。\t溶接、\t試験、\t品質管理の\t技術は、\tいずれも\t初めて\t経験するものだった。\t第\t1設計局（OKB-1）\tの\tセルゲイ・コロリョフとその\t同僚たちは、\tほぼ\t24時間体制でこの\tプロジェクトに\t取り\t組んだ。";"從 1953 年\t起，\t謝\t爾\t蓋·科\t羅\t廖\t夫\t和\t他\t在 OKB-1 的\t同\t事\t們\t便\t全\t力\t投\t入 R-7 火\t箭\t的\t設\t計\t製\t造\t之\t中，\t該\t款\t火\t箭\t採\t用\t了\t二\t級\t構\t造，\t側\t面\t設\t置\t有 4 個\t推\t進\t器。\t研\t發\t團\t隊\t幾\t乎\t是\t夜\t以\t繼\t日\t地\t工\t作，\t摸\t索\t火\t箭\t焊\t接\t工\t藝、\t測\t試\t標\t準\t和\t品\t質\t控\t制\t技\t術\t對\t於\t他\t們\t來\t說\t都\t是\t前\t所\t未\t有\t的\t新\t奇\t體\t驗。";;
"puzzle/main_s38/5/name";"The Cargo";"The Cargo";"Il Carico";"Die Fracht";"La Carga";"Груз";"Вантаж";"Ładunek";"A Carga";"The Cargo";"The Cargo";"The Cargo";"Kargo";"The Cargo";"The Cargo";"入\t轨\t载\t荷";"貨物";"入\t軌\t載\t荷";;
"puzzle/main_s38/5/desc";"In parallel, the designers were assembling the PS-1 satellite itself. The “simplest satellite” looked like a sphere 58 cm in diameter and weighing 83.6 kg, with four antennas and two radio transmitters.";"In parallel, the designers were assembling the PS-1 satellite itself. The “simplest satellite” looked like a sphere 58 cm in diameter and weighing 83.6 kg, with four antennas and two radio transmitters.";"In parallelo, i progettisti asseblarono il satellite PS-1. Il ""satellite più semplice"" che sembrava una sfera di 58cm di diametro e pesava 83,6kg con quattro antenne e due radiotrasmettitori.";"Parallel dazu bauten die Designer den PS-1-Satelliten selbst zusammen. Der „einfachste Satellit“ sah aus wie eine Kugel mit 58 cm Durchmesser und 83,6 kg Gewicht, mit vier Antennen und zwei Funksendern.";"Paralelamente, los diseñadores estaban montando el propio satélite PS-1. El ""satélite más sencillo"" tenía la forma de una esfera de 58 cm de diámetro y pesaba 83.6 kg, con cuatro antenas y dos transmisores de radio.";"Параллельно конструкторы собирали и сам спутник – ПС-1. «Простейший спутник» выглядел как шар диаметром 58 см и весом 83,6 кг с четырьмя антеннами и двумя радиопередатчиками.";"Паралельно конструктори збирали сам супутник ПС-1. «Найпростіший супутник» мав вигляд сфери діаметром 58 см і масою 83,6 кг, із чотирма антенами та двома радіопередавачами.";"W tym samym czasie konstruktorzy zajmowali się montażem samego satelity PS-1. Ten „najprostszy satelita” wyglądał jak kula o średnicy 58 cm i wadze 83,6 kg, wyposażona w cztery anteny i dwa nadajniki radiowe.";"Ao mesmo tempo, os projetistas montavam o próprio satélite PS-1. O ""satélite mais simples"" tinha a forma de uma esfera de 58 cm de diâmetro e pesava 83,6 kg, com quatro antenas e dois transmissores de rádio.";"In parallel, the designers were assembling the PS-1 satellite itself. The “simplest satellite” looked like a sphere 58 cm in diameter and weighing 83.6 kg, with four antennas and two radio transmitters.";"In parallel, the designers were assembling the PS-1 satellite itself. The “simplest satellite” looked like a sphere 58 cm in diameter and weighing 83.6 kg, with four antennas and two radio transmitters.";"In parallel, the designers were assembling the PS-1 satellite itself. The “simplest satellite” looked like a sphere 58 cm in diameter and weighing 83.6 kg, with four antennas and two radio transmitters.";"Secara bersamaan, para perancang merakit satelit PS-1 itu sendiri. “Satelit paling sederhana” ini berbentuk bola berdiameter 58 cm dengan berat 83,6 kg, serta dilengkapi empat antena dan dua pemancar radio.";"In parallel, the designers were assembling the PS-1 satellite itself. The “simplest satellite” looked like a sphere 58 cm in diameter and weighing 83.6 kg, with four antennas and two radio transmitters.";"In parallel, the designers were assembling the PS-1 satellite itself. The “simplest satellite” looked like a sphere 58 cm in diameter and weighing 83.6 kg, with four antennas and two radio transmitters.";"与\t此\t同\t时，\t火\t箭\t预\t定\t搭\t载\t的\t载\t荷\t—\t—\t斯\t普\t特\t尼\t克\t一\t号 (PS-1) 卫\t星\t本\t体\t的\t组\t装\t工\t作\t也\t在\t稳\t步\t推\t进。\t第\t一\t颗\t卫\t星\t的\t构\t造\t相\t当\t原\t始，\t有\t一\t个\t直\t径 58 厘\t米\t的\t球\t体\t状\t外\t壳，\t重 83.6 千\t克，\t配\t有 4 根\t天\t线\t和 2 个\t无\t线\t电\t发\t射\t器。";"それと\t並行して、\t設計者たちは\tPS-1衛星本体の\t組み\t立てを\t進めていた。\t「最簡易衛星」\tは\t直径\t58cm、\t重量\t83.6kgの\t球体で、\t4本の\tアンテナと\t2基の\t無線送信機を\t備えていた。";"与\t此\t同\t时，\t火\t箭\t预\t定\t搭\t载\t的\t载\t荷\t—\t—\t史\t普\t尼\t克\t一\t号 (PS-1) 卫\t星\t本\t体\t的\t组\t装\t工\t作\t也\t在\t稳\t步\t推\t进。\t第\t一\t颗\t卫\t星\t的\t构\t造\t相\t当\t原\t始，\t有\t一\t个\t直\t径 58 厘\t米\t的\t球\t体\t状\t外\t壳，\t重 83.6 千\t克，\t配\t有 4 根\t天\t线\t和 2 个\t无\t线\t电\t发\t射\t器。";;
"puzzle/main_s38/6/name";"The Launch Pad";"The Launch Pad";"La Rampa di Lancio";"Die Startrampe";"La Plataforma de Lanzamiento";"Стартовая площадка";"Стартовий майданчик";"Platforma startowa";"A Plataforma de Lançamento";"The Launch Pad";"The Launch Pad";"The Launch Pad";"Landasan Peluncuran";"The Launch Pad";"The Launch Pad";"拜\t科\t努\t尔\t发\t射\t场";"発射台";"貝\t科\t努\t發\t射\t場";;
"puzzle/main_s38/6/desc";"Construction of the Baikonur research and testing range began in the Kazakh steppe. On February 12th 1955, the range was completed, and on July 20th construction of the first launch pad began.";"Construction of the Baikonur research and testing range began in the Kazakh steppe. On February 12th 1955, the range was completed, and on July 20th construction of the first launch pad began.";"La costruzione del sito di ricerca e test Baikonur avvenne nelle steppe del Kazakistan. Il 12 febbraio 1955, il sito era completato e il 20 luglio iniziò la costruzione della prima rampa di lancio.";"Der Bau des Forschungs- und Testgeländes Baikonur begann in der kasachischen Steppe. Am 12. Februar 1955 wurde das Gelände fertiggestellt, und am 20. Juli begann der Bau der ersten Startrampe.";"La construcción del campo de pruebas e investigación de Baikonur comenzó en la estepa Kazaja. El 12 de Febrero de 1955 se terminó el campo de pruebas y, el 20 de Julio, empezó la construcción de la primera plataforma de lanzamiento.";"В казахстанской степи началась постройка научно-исследовательского полигона «Байконур». 12 февраля 1955 года полигон был завершён. А уже 20 июля началось строительство первой стартовой площадки.";"У казахському степу розпочалося будівництво науково-дослідного випробувального полігону «Байконур». 12 лютого 1955 року створення полігону було завершено, а 20 липня розпочалося будівництво першого стартового майданчика.";"Na kazachskim stepie ruszyła budowa poligonu badawczo-testowego w Bajkonurze. 12 lutego 1955 roku poligon został ukończony, a 20 lipca rozpoczęto budowę pierwszej platformy startowej.";"A construção do complexo de pesquisa e testes de Baikonur começou na estepe cazaque. A 12 de fevereiro de 1955, o complexo ficou concluído e, a 20 de julho, começou a construção da primeira plataforma de lançamento.";"Construction of the Baikonur research and testing range began in the Kazakh steppe. On February 12th 1955, the range was completed, and on July 20th construction of the first launch pad began.";"Construction of the Baikonur research and testing range began in the Kazakh steppe. On February 12th 1955, the range was completed, and on July 20th construction of the first launch pad began.";"Construction of the Baikonur research and testing range began in the Kazakh steppe. On February 12th 1955, the range was completed, and on July 20th construction of the first launch pad began.";"Pembangunan area riset dan pengujian Baikonur dimulai di stepa Kazakh. Pada 12 Februari 1955, area tersebut selesai dibangun, dan pada 20 Juli pembangunan landasan peluncuran pertama pun dimulai.";"Construction of the Baikonur research and testing range began in the Kazakh steppe. On February 12th 1955, the range was completed, and on July 20th construction of the first launch pad began.";"Construction of the Baikonur research and testing range began in the Kazakh steppe. On February 12th 1955, the range was completed, and on July 20th construction of the first launch pad began.";"辽\t阔\t的\t哈\t萨\t克\t草\t原\t上，\t拜\t科\t努\t尔\t火\t箭\t研\t究\t试\t验\t场\t的\t建\t设\t工\t作\t也\t在\t紧\t锣\t密\t鼓\t推\t进\t之\t中。\t1955 年 2 月 12 日，\t拜\t科\t努\t尔\t试\t验\t场\t竣\t工，\t随\t后\t在 7 月 20 日，\t第\t一\t座\t发\t射\t台\t也\t相\t继\t开\t工\t建\t造。";"カザフ\t草原で\tバイコヌール\t研究試験場の\t建設が\t始まった。\t1955年\t2月\t12日に\t試験場が\t完成し、\t7月\t20日には\t第\t1発射台の\t建設が\t開始された。";"遼\t闊\t的\t哈\t薩\t克\t草\t原\t上，\t貝\t科\t努\t火\t箭\t研\t究\t試\t驗\t場\t的\t建\t設\t工\t作\t也\t在\t緊\t鑼\t密\t鼓\t推\t進\t之\t中。\t1955 年 2 月 12 日，\t貝\t科\t努\t試\t驗\t場\t竣\t工，\t隨\t後\t在 7 月 20 日，\t第\t一\t座\t發\t射\t台\t也\t相\t繼\t開\t工\t建\t造。";;
"puzzle/main_s38/7/name";"The Launch";"The Launch";"Il Lancio";"Der Start";"El Lanzamiento";"Пуск";"Запуск";"Start";"O Lançamento";"The Launch";"The Launch";"The Launch";"Peluncuran";"The Launch";"The Launch";"发\t射\t时\t刻";"打ち\t上げ";"發\t射\t時\t刻";;
"puzzle/main_s38/7/desc";"On October 4th 1957, at 22:28 Moscow time, the R-7 rocket lifted off from Pad No. 1. After 295 seconds the satellite reached orbit. The world heard its signal of “Beep! Beep!”.";"On October 4th 1957, at 22:28 Moscow time, the R-7 rocket lifted off from Pad No. 1. After 295 seconds the satellite reached orbit. The world heard its signal of “Beep! Beep!”.";"Il 4 ottobre 1957, alle 22:28 di Mosca, il razzo R-7 decollò dalla rampa N°1. Dopo 295 secondi il satellite raggiunse l'orbita. Il mondo ascoltò il suo segnale ""Bip! Bip!"".";"Am 4. Oktober 1957 um 22:28 Uhr Moskauer Zeit hob die R-7-Rakete von Startrampe Nr. 1 ab. Nach 295 Sekunden erreichte der Satellit die Umlaufbahn. Die Welt hörte sein Signal: „Piep! Piep!“";"El 4 de Octubre de 1957, a las 22:28, hora de Moscú, el cohete R-7 despegó desde la plataforma de lanzamiento No. 1. Tras 295 segundos el satélite entró en órbita. El mundo escuchó su señal de ""¡Beep! ¡Beep!"".";"4 октября 1957 года в 22:28 по московскому времени ракета Р-7 стартовала с площадки №1. Через 295 секунд спутник вышел на орбиту. Мир услышал его сигнал – «Бип! Бип!».";"4 жовтня 1957 року о 22:28 за московським часом ракета Р-7 стартувала з майданчика № 1. Через 295 секунд супутник вийшов на орбіту. Світ почув його сигнал: «Біп! Біп!».";"4 października 1957 roku o godz. 22:28 czasu moskiewskiego rakieta R-7 wystartowała z platformy startowej nr 1. Po 295 sekundach satelita dotarł na orbitę. Świat usłyszał jego sygnał „Beep! Beep!”.";"A 4 de outubro de 1957, às 22:28, hora de Moscovo, o foguetão R-7 descolou da Plataforma N.º 1. Após 295 segundos, o satélite alcançou a órbita. O mundo ouviu o seu sinal de ""Bip! Bip!"".";"On October 4th 1957, at 22:28 Moscow time, the R-7 rocket lifted off from Pad No. 1. After 295 seconds the satellite reached orbit. The world heard its signal of “Beep! Beep!”.";"On October 4th 1957, at 22:28 Moscow time, the R-7 rocket lifted off from Pad No. 1. After 295 seconds the satellite reached orbit. The world heard its signal of “Beep! Beep!”.";"On October 4th 1957, at 22:28 Moscow time, the R-7 rocket lifted off from Pad No. 1. After 295 seconds the satellite reached orbit. The world heard its signal of “Beep! Beep!”.";"Pada 4 Oktober 1957, pukul 22:28 Waktu Moskwa, roket R-7 lepas landas dari Landasan No. 1. Setelah 295 detik, satelit tersebut mencapai orbit. Dunia pun mendengar sinyalnya yang berbunyi “Bip! Bip!”.";"On October 4th 1957, at 22:28 Moscow time, the R-7 rocket lifted off from Pad No. 1. After 295 seconds the satellite reached orbit. The world heard its signal of “Beep! Beep!”.";"On October 4th 1957, at 22:28 Moscow time, the R-7 rocket lifted off from Pad No. 1. After 295 seconds the satellite reached orbit. The world heard its signal of “Beep! Beep!”.";"1957 年 10 月 4 日，\t莫\t斯\t科\t时\t间 22 时 28 分，\tR-7 火\t箭\t从 1 号\t发\t射\t台\t升\t空。\t295 秒\t后，\t卫\t星\t进\t入\t轨\t道。\t它\t发\t出\t的\t“哔！\t哔！”\t信\t号\t随\t后\t传\t遍\t了\t整\t个\t世\t界。";"1957年\t10月\t4日\tモスクワ\t時間\t22時\t28分、\tR-7\tロケットが\t第\t1発射台から\t打ち\t上げられた。\t295秒後、\t衛星は\t軌道に\t到達。\tそして\t世界中がその「ピピッ！\tピピッ！」\tという\t信号音を\t耳にした。";"1957 年 10 月 4 日，\t莫\t斯\t科\t時\t間 22 時 28 分，\tR-7 火\t箭\t從 1 號\t發\t射\t台\t升\t空。\t295 秒\t後，\t衛\t星\t進\t入\t軌\t道。\t它\t發\t出\t的\t“嗶！\t嗶！”\t信\t號\t隨\t後\t傳\t遍\t了\t整\t個\t世\t界。";;
"puzzle/main_s38/8/name";"The Payload Separation";"The Payload Separation";"Separazione del Carico";"Die Nutzlasttrennung";"La Separación de la Carga Útil";"Отделение";"Відокремлення корисного навантаження";"Oddzielenie ładunku";"A Separação da Carga Útil";"The Payload Separation";"The Payload Separation";"The Payload Separation";"Pemisahan Muatan";"The Payload Separation";"The Payload Separation";"载\t荷\t分\t离";"ペイロード\t分離";"載\t荷\t分\t離";;
"puzzle/main_s38/8/desc";"At the 315th second after liftoff, the satellite separated from the second stage. PS-1 became the first artificial object in Earth orbit, its call signs heard by all humanity.";"At the 315th second after liftoff, the satellite separated from the second stage. PS-1 became the first artificial object in Earth orbit, its call signs heard by all humanity.";"Al 315° secondo dopo il decollo, il satellite si separò dal secondo stadio. Il PS-1 divenne il primo oggetto artificiale in orbita terrestre, il suo segnale venne ascoltato da tutta l'umanità.";"In der 315. Sekunde nach dem Start trennte sich der Satellit von der zweiten Stufe. PS-1 wurde zum ersten künstlichen Objekt im Erdorbit; seine Signale waren für die gesamte Menschheit zu hören.";"A los 315 segundos del despegue, el satélite se separó de la segunda etapa. El PS-1 se convirtió en el primer objeto artificial en la órbita terrestre, y toda la humanidad pudo escuchar sus señales de llamada.";"На 315-й секунде после старта произошло отделение спутника от второй ступени. ПС-1 стал первым искусственным объектом на орбите Земли, чьи позывные услышало всё человечество.";"На 315-й секунді після старту супутник відокремився від другого ступеня. ПС-1 став першим штучним об’єктом на орбіті Землі, а його сигнали почуло все людство.";"W 315. sekundzie po starcie satelita odłączył się od drugiego stopnia rakiety. PS-1 stał się pierwszym sztucznym obiektem na orbicie Ziemi, a jego sygnały wywoławcze usłyszała cała ludzkość.";"Ao 315.º segundo após a descolagem, o satélite separou-se do segundo estágio. O PS-1 tornou-se o primeiro objeto artificial na órbita da Terra, com os seus sinais de chamada a serem ouvidos por toda a humanidade.";"At the 315th second after liftoff, the satellite separated from the second stage. PS-1 became the first artificial object in Earth orbit, its call signs heard by all humanity.";"At the 315th second after liftoff, the satellite separated from the second stage. PS-1 became the first artificial object in Earth orbit, its call signs heard by all humanity.";"At the 315th second after liftoff, the satellite separated from the second stage. PS-1 became the first artificial object in Earth orbit, its call signs heard by all humanity.";"Pada detik ke-315 setelah lepas landas, satelit tersebut memisahkan diri dari tahap kedua. PS-1 menjadi objek buatan pertama di orbit Bumi, dengan tanda panggilannya didengar oleh seluruh umat manusia.";"At the 315th second after liftoff, the satellite separated from the second stage. PS-1 became the first artificial object in Earth orbit, its call signs heard by all humanity.";"At the 315th second after liftoff, the satellite separated from the second stage. PS-1 became the first artificial object in Earth orbit, its call signs heard by all humanity.";"发\t射\t后\t第 315 秒，\t卫\t星\t与\t第\t二\t级\t火\t箭\t分\t离。\tPS-1 (人\t造\t地\t球\t卫\t星\t一\t号) 成\t为\t了\t地\t球\t轨\t道\t上\t的\t首\t个\t人\t造\t物\t体，\t它\t发\t出\t的\t信\t号\t响\t彻\t全\t人\t类\t头\t顶\t的\t天\t空。";"打ち\t上げから\t315秒後、\t衛星は\t第\t2段から\t分離した。\tPS-1\tは\t地球周回軌道上の\t最初の\t人工物体となり、\tその\tコールサインは\t世界中の\t人々に\t届いた。";"發\t射\t後\t第 315 秒，\t衛\t星\t與\t第\t二\t級\t火\t箭\t分\t離。\t史\t普\t尼\t克\t一\t号 (PS-1) 成\t為\t了\t地\t球\t軌\t道\t上\t的\t首\t個\t人\t造\t物\t體，\t它\t發\t出\t的\t信\t號\t響\t徹\t全\t人\t類\t頭\t頂\t的\t天\t空。";;
"puzzle/main_s38/9/name";"The Orbit";"The Orbit";"L'Orbita";"Der Orbit";"La Órbita";"Орбита";"Орбіта";"Orbita";"A Órbita";"The Orbit";"The Orbit";"The Orbit";"Orbit";"The Orbit";"The Orbit";"无\t垠\t轨\t道";"軌道";"無\t垠\t軌\t道";;
"puzzle/main_s38/9/desc";"The satellite flew for 92 days, completing 1,440 revolutions around the planet, which is about 60 million km. Its signals were received by radio amateurs around the world, while scientists gathered data about space. On January 4th 1958, the satellite burned up in the dense layers of the atmosphere. This launch marked the start of mankind’s Space Age.";"The satellite flew for 92 days, completing 1,440 revolutions around the planet, which is about 60 million km. Its signals were received by radio amateurs around the world, while scientists gathered data about space. On January 4th 1958, the satellite burned up in the dense layers of the atmosphere. This launch marked the start of mankind’s Space Age.";"Il satellite volo però 92 giorni, completando 1440 rivoluzioni intorno al pianeta per circa 60 milioni di km. I segnali vennero ricevuti dai radioamatori di tutto il mondo mentre gli scenziati raccolsero dati sullo spazio. Il 4 gennaio 1958, il satellite bruciò nei densi strati dell'atmosfera. Questo lancio segnò l'inizio dell'Era Spaziale umana.";"Der Satellit war 92 Tage lang im Einsatz und vollendete 1.440 Erdumkreisungen, was einer Strecke von etwa 60 Millionen Kilometern entspricht. Seine Signale wurden von Funkamateuren weltweit empfangen, während Wissenschaftler Daten über den Weltraum sammelten. Am 4. Januar 1958 verglühte der Satellit in den dichten Schichten der Atmosphäre. Dieser Start markierte den Beginn des Weltraumzeitalters der Menschheit.";"El satélite voló durante 92 días y dio 1,440 vueltas al planeta, lo que equivale a unos 60 millones de km. Sus señales fueron captadas por radioaficionados de todo el mundo, mientras los científicos recopilaban datos sobre el espacio. El 4 de Enero de 1958, el satélite se desintegró en las capas densas de la atmósfera. Este lanzamiento marcó el inicio de la Era Espacial de la humanidad.";"Спутник летал 92 дня, совершив 1440 оборотов вокруг планеты – около 60 млн км. Его сигналы принимали радиолюбители по всему миру, пока ученые собирали данные о космосе. 4 января 1958 года спутник сгорел в плотных слоях атмосферы. Так началась космическая эра человечества.";"Супутник літав 92 дні, здійснивши 1440 обертів навколо планети, що становить близько 60 млн км. Його сигнали приймали радіоаматори по всьому світу, а вчені збирали дані про космос. 4 січня 1958 року супутник згорів у щільних шарах атмосфери. Цей запуск ознаменував початок Космічної ери людства.";"Satelita krążył przez 92 dni, wykonując 1 440 obrotów wokół Ziemi, co odpowiada około 60 milionom kilometrów. Jego sygnały odbierali radioamatorzy na całym świecie, a naukowcy zbierali dane o przestrzeni kosmicznej. 4 stycznia 1958 roku satelita spłonął w gęstych warstwach atmosfery. To wystrzelenie zapoczątkowało erę kosmiczną ludzkości.";"O satélite voou durante 92 dias, completando 1 440 voltas ao redor do planeta, o que equivale a cerca de 60 milhões de km. Os seus sinais foram recebidos por radioamadores de todo o mundo, enquanto os cientistas recolhiam dados sobre o espaço. A 4 de janeiro de 1958, o satélite desintegrou-se nas camadas densas da atmosfera. Este lançamento marcou o início da Era Espacial da humanidade.";"The satellite flew for 92 days, completing 1,440 revolutions around the planet, which is about 60 million km. Its signals were received by radio amateurs around the world, while scientists gathered data about space. On January 4th 1958, the satellite burned up in the dense layers of the atmosphere. This launch marked the start of mankind’s Space Age.";"The satellite flew for 92 days, completing 1,440 revolutions around the planet, which is about 60 million km. Its signals were received by radio amateurs around the world, while scientists gathered data about space. On January 4th 1958, the satellite burned up in the dense layers of the atmosphere. This launch marked the start of mankind’s Space Age.";"The satellite flew for 92 days, completing 1,440 revolutions around the planet, which is about 60 million km. Its signals were received by radio amateurs around the world, while scientists gathered data about space. On January 4th 1958, the satellite burned up in the dense layers of the atmosphere. This launch marked the start of mankind’s Space Age.";"Satelit tersebut terbang selama 92 hari, menyelesaikan 1.440 revolusi mengelilingi planet ini, yaitu sekitar 60 juta km. Sinyalnya diterima oleh para amatir radio di seluruh dunia, sementara para ilmuwan mengumpulkan data tentang luar angkasa. Pada 4 Januari 1958, satelit ini terbakar di lapisan padat atmosfer. Peluncuran ini menandai dimulainya Era Luar Angkasa bagi umat manusia.";"The satellite flew for 92 days, completing 1,440 revolutions around the planet, which is about 60 million km. Its signals were received by radio amateurs around the world, while scientists gathered data about space. On January 4th 1958, the satellite burned up in the dense layers of the atmosphere. This launch marked the start of mankind’s Space Age.";"The satellite flew for 92 days, completing 1,440 revolutions around the planet, which is about 60 million km. Its signals were received by radio amateurs around the world, while scientists gathered data about space. On January 4th 1958, the satellite burned up in the dense layers of the atmosphere. This launch marked the start of mankind’s Space Age.";"斯\t普\t特\t尼\t克\t一\t号\t在\t太\t空\t中\t飞\t行\t了 92 天，\t绕\t地\t球\t运\t行\t了 1440 圈，\t总\t距\t离\t约 6000 万\t千\t米。\t世\t界\t各\t地\t的\t业\t余\t无\t线\t电\t爱\t好\t者\t都\t接\t收\t到\t了\t它\t的\t信\t号，\t与\t此\t同\t时，\t地\t面\t上\t的\t科\t学\t家\t们\t也\t收\t集\t到\t了\t关\t于\t太\t空\t的\t各\t项\t数\t据。\t1958 年 1 月 4 日，\t这\t颗\t卫\t星\t坠\t入\t稠\t密\t层\t大\t气\t中\t烧\t毁。\t斯\t普\t特\t尼\t克\t一\t号\t成\t功\t入\t轨\t标\t志\t着\t人\t类\t正\t式\t迈\t入\t太\t空\t时\t代，\t一\t个\t波\t澜\t壮\t阔\t的\t时\t代\t就\t此\t拉\t开\t序\t幕。";"この\t衛星は\t92日間にわたって\t飛行し、\t地球を\t1,440回周回した。\tその\t距離は\t約\t6,000万\tkmにも\t及んだ。\t世界中の\tアマチュア\t無線家たちがその\t信号を\t受信し、\t科学者たちは\t宇宙に\t関する\tデータを\t収集した。\tそして\t1958年\t1月\t4日、\t衛星は\t大気圏の\t濃密な\t層で\t燃え\t尽きた。\tこの\t打ち\t上げは、\t人類の\t宇宙時代の\t幕開けを\t告げるものとなった。";"史\t普\t尼\t克\t一\t號\t在\t太\t空\t中\t飛\t行\t了 92 天，\t繞\t地\t球\t運\t行\t了 1440 圈，\t總\t距\t離\t約 6000 萬\t公\t里。\t世\t界\t各\t地\t的\t無\t線\t電\t愛\t好\t者\t都\t接\t收\t到\t了\t它\t的\t信\t號，\t與\t此\t同\t時，\t地\t面\t上\t的\t科\t學\t家\t們\t也\t收\t集\t到\t了\t關\t於\t太\t空\t的\t各\t項\t數\t據。\t1958 年 1 月 4 日，\t這\t顆\t衛\t星\t墜\t入\t稠\t密\t層\t大\t氣\t中\t燒\t毀。\t史\t普\t尼\t克\t一\t號\t成\t功\t入\t軌\t標\t誌\t著\t人\t類\t正\t式\t邁\t入\t太\t空\t時\t代，\t一\t個\t波\t瀾\t壯\t闊\t的\t時\t代\t就\t此\t拉\t開\t序\t幕。";;
